{"cameraMode":{"drawMode":0,"name":"Shaded","section":"Shading Mode"},"sceneLighting":false,"audioPlay":false,"sceneViewState":{"m_AlwaysRefresh":false,"showFog":true,"showSkybox":false,"showFlares":true,"showImageEffects":true,"showParticleSystems":true,"showVisualEffectGraphs":true,"m_FxEnabled":true},"in2DMode":false,"pivot":{"x":0.007241005077958107,"y":3.1259212493896486,"z":12.721616744995118},"rotation":{"x":-0.09288116544485092,"y":-0.012254859320819378,"z":0.0012872430961579085,"w":-0.9957495331764221},"size":1.7359099388122559,"orthographic":false}