{"cameraMode":{"drawMode":0,"name":"Shaded","section":"Shading Mode"},"sceneLighting":true,"audioPlay":false,"sceneViewState":{"m_AlwaysRefresh":false,"showFog":true,"showSkybox":true,"showFlares":true,"showImageEffects":true,"showParticleSystems":true,"showVisualEffectGraphs":true,"m_FxEnabled":true},"in2DMode":false,"pivot":{"x":-136.88902282714845,"y":4.626719951629639,"z":22.34682846069336},"rotation":{"x":-0.28686580061912539,"y":0.034446168690919879,"z":-0.009007365442812443,"w":-0.9576182961463928},"size":15.965368270874024,"orthographic":false}