{"cameraMode":{"drawMode":0,"name":"Shaded","section":"Shading Mode"},"sceneLighting":true,"audioPlay":false,"sceneViewState":{"m_AlwaysRefresh":false,"showFog":true,"showSkybox":true,"showFlares":true,"showImageEffects":true,"showParticleSystems":true,"showVisualEffectGraphs":true,"m_FxEnabled":true},"in2DMode":false,"pivot":{"x":4.048050880432129,"y":3.272850751876831,"z":5.945736885070801},"rotation":{"x":-0.1119873896241188,"y":0.010431202128529549,"z":-0.0010365310590714217,"w":-0.9938110709190369},"size":0.2385750263929367,"orthographic":false}